ecosystem,package,version
npm,@arv-bedrock/auth,1.1.7
npm,@arv-bedrock/auth,1.1.8
npm,@arv-bedrock/auth-admin,1.0.2
npm,@arv-bedrock/auth-admin,1.0.3
npm,@arv-bedrock/auth-sso,1.6.1
npm,@arv-bedrock/auth-sso,1.6.2
npm,@arv-bedrock/auth-sso-backend,1.7.1
npm,@arv-bedrock/auth-sso-backend,1.7.2
npm,@arv-bedrock/logger,1.7.1
npm,@arv-bedrock/logger,1.7.2
npm,@cacheable/memory,2.2.1
npm,@cacheable/net,2.1.1
npm,@cacheable/node-cache,3.1.2
npm,@cacheable/utils,2.5.1
npm,@deliveroo/determinator,0.2.1
npm,@deliveroo/reevent,1.0.1
npm,@hubsync/web-sdk-react,6.3.7
npm,@onereach/get-version-data,3.1.2
npm,@onereach/idw-sdk,0.1.2
npm,@onereach/idw-ui-components,0.1.2
npm,@onereach/or-file-uploader-next,0.0.8
npm,@onereach/orest-cli,2.4.1
npm,@onereach/phonenumber-interpreter,0.0.18
npm,@onereach/si-checkbox-group,0.3.5
npm,@onereach/si-datepicker,0.4.5
npm,@onereach/ssml-editor,2.0.12
npm,@onereach/ui-components,27.0.2
npm,@or-sdk/base,0.44.4
npm,@or-sdk/deployments,2.1.5
npm,@or-sdk/graph,1.10.5
npm,@or-sdk/idw-public,1.6.6
npm,@or-sdk/qna,3.4.2
npm,@ornikar/eslint-config,24.0.1
npm,@ornikar/eslint-config-babel,24.0.1
npm,@ornikar/eslint-plugin-neverthrow,1.3.1
npm,@ornikar/graphql-config,1.1.1
npm,@ornikar/jest-config-react,18.0.2
npm,@ornikar/react-modern-calendar-datepicker,3.2.1
npm,@ornikar/react-native-svg-transformer,1.0.6
npm,@ornikar/repo-config-react-legacy-css,15.1.2
npm,@ornikar/stylelint-config,14.0.3
npm,@picsart/ai-sdk,3.32.2
npm,@qlik/dts-bundler,2.0.3
npm,@qlik/sprout-gesture,0.0.13
npm,@servicetitan/acquisition-functions,5.22.1
npm,@servicetitan/anvil2-ext-charts,0.2.4
npm,@servicetitan/confirm,41.3.1
npm,@servicetitan/design-system,14.5.4
npm,@servicetitan/eslint-plugin-mobx-6,12.8.15
npm,@servicetitan/feature-spotlight,3.9.1
npm,@servicetitan/kendo-theme,0.0.27
npm,@servicetitan/marketing-direct-mail-components,20.1.1
npm,@servicetitan/standalone-root,1.11.3
npm,@servicetitan/startup-jest,2.2.1
npm,@servicetitan/stylelint-config,38.1.1
npm,@servicetitan/titan-chatbot-api,9.0.1
npm,@servicetitan/titan-chatbot-ui-cypress,9.0.1
npm,@workbench-stack/core,3.9.8
npm,cache-manager,7.2.10
npm,cacheable,2.5.1
npm,cacheable-request,13.0.20
npm,ecto,5.0.1
npm,file-entry-cache,11.1.6
npm,flat-cache,6.1.24
npm,keyv,6.0.0
npm,pob-test-typescript-package-in-monorepo,4.2.1
npm,tslint-folder-schema,1.0.6
